行标签,计数项:issue_ID
3862,57
11355,54
2770,54
2476,54
2726,53
5668,52
4069,50
1242,50
4147,49
1401,47
10247,44
8455,44
12515,43
6528,43
5783,41
5797,41
711,40
3003,38
3228,37
9620,36
6772,35
10269,34
6613,34
2998,34
2371,34
9889,33
8738,33
4550,33
2305,33
7235,32
3997,32
1964,32
776,32
10926,31
3219,31
7275,30
6963,30
3292,30
11171,29
6184,29
6211,29
1028,28
729,28
7512,27
7674,27
6540,27
3816,27
1522,27
11833,26
7664,26
7086,26
6876,26
14363,25
11632,25
8079,25
7017,25
4703,25
3195,25
14041,24
11500,24
9857,24
7902,24
10218,23
8105,23
7277,23
6175,23
4945,23
3203,23
2293,23
1071,23
12100,22
11124,22
9051,22
7965,22
7366,22
4992,22
4090,22
3725,22
2178,22
11033,21
7233,21
4079,21
3388,21
2547,21
1227,21
68,21
11606,20
8861,20
8518,20
7515,20
8120,20
6775,20
5728,20
4124,20
2664,20
809,20
3,20
11627,19
11645,19
10647,19
8868,19
9449,19
9639,19
9648,19
7714,19
7470,19
7018,19
5851,19
6554,19
5908,19
5160,19
5064,19
3250,19
3249,19
2463,19
2499,19
1074,19
271,19
13285,18
10616,18
9600,18
8260,18
8511,18
8263,18
8732,18
8706,18
7657,18
6078,18
6432,18
5588,18
4171,18
3803,18
3945,18
2072,18
1746,18
2261,18
596,18
12978,17
10664,17
11054,17
9810,17
8500,17
9491,17
7890,17
6461,17
6200,17
4677,17
4854,17
3989,17
2889,17
2555,17
2405,17
1452,17
830,17
659,17
644,17
13405,16
14394,16
11502,16
11549,16
8395,16
8300,16
9317,16
8577,16
8900,16
7486,16
7834,16
8081,16
7176,16
6095,16
6267,16
6552,16
6758,16
3529,16
2627,16
2043,16
1012,16
1714,16
156,16
12511,15
14280,15
13973,15
11037,15
9038,15
8967,15
9374,15
8978,15
7394,15
7077,15
7261,15
7191,15
6558,15
6253,15
6188,15
6472,15
5016,15
4545,15
4993,15
3848,15
3575,15
3918,15
3550,15
4091,15
3624,15
4093,15
3664,15
3136,15
2643,15
2800,15
3274,15
2435,15
2035,15
2079,15
2369,15
1154,15
1110,15
13934,14
12090,14
12397,14
10897,14
9862,14
11134,14
8411,14
9105,14
9678,14
7054,14
7249,14
7690,14
7343,14
6531,14
6833,14
6192,14
6784,14
5265,14
5610,14
4583,14
4417,14
4362,14
2653,14
3224,14
2707,14
2927,14
3132,14
3182,14
2402,14
1884,14
2021,14
2203,14
881,14
1053,14
12952,13
13585,13
13754,13
12129,13
11449,13
11454,13
11685,13
10909,13
9948,13
9836,13
9430,13
7466,13
7227,13
7844,13
7591,13
6941,13
6578,13
6699,13
5767,13
4948,13
5657,13
4858,13
5037,13
3499,13
4353,13
3882,13
3002,13
2521,13
2394,13
2445,13
1951,13
2290,13
981,13
923,13
794,13
955,13
819,13
977,13
1064,13
48,13
749,13
12864,12
13263,12
11506,12
11716,12
12440,12
11348,12
11822,12
10687,12
9950,12
10474,12
11243,12
9969,12
8532,12
8383,12
8237,12
8749,12
8782,12
8404,12
8842,12
7535,12
7678,12
7161,12
7382,12
8017,12
7471,12
7265,12
6170,12
7036,12
6090,12
7043,12
4572,12
5250,12
5147,12
3781,12
3757,12
3721,12
3810,12
3686,12
3968,12
2954,12
3494,12
2853,12
3410,12
2276,12
2318,12
2395,12
2214,12
945,12
820,12
1236,12
978,12
919,12
1120,12
660,12
753,12
640,12
258,12
12624,11
13576,11
12320,11
11581,11
12386,11
11409,11
11955,11
10736,11
9746,11
9968,11
10620,11
9434,11
8279,11
8689,11
8758,11
8297,11
9629,11
7883,11
8196,11
7679,11
7554,11
7750,11
7248,11
8093,11
7163,11
7700,11
6725,11
6542,11
6525,11
6326,11
6606,11
6429,11
6460,11
6502,11
4628,11
4807,11
4574,11
4907,11
3794,11
4066,11
3288,11
2790,11
2712,11
3364,11
3282,11
3122,11
2785,11
3236,11
3471,11
2416,11
2389,11
2334,11
1927,11
1840,11
1759,11
2484,11
1775,11
1432,11
1327,11
956,11
1664,11
1063,11
1222,11
1509,11
1085,11
921,11
1164,11
664,11
207,11
147,11
12858,10
13700,10
12514,10
12961,10
13225,10
13302,10
11356,10
12279,10
11358,10
11767,10
11364,10
12498,10
12047,10
10005,10
10042,10
11217,10
8609,10
9078,10
9636,10
8117,10
7341,10
7110,10
7736,10
8202,10
7432,10
8124,10
7139,10
7494,10
7717,10
7172,10
6251,10
6840,10
5897,10
6386,10
7001,10
6113,10
7002,10
6454,10
6677,10
6119,10
6949,10
6011,10
5869,10
6018,10
5631,10
4924,10
5377,10
4997,10
5605,10
5572,10
5785,10
4596,10
5315,10
4343,10
3953,10
3778,10
3610,10
3623,10
2543,10
3485,10
3303,10
2806,10
3105,10
2675,10
2690,10
2392,10
1797,10
1999,10
1897,10
2330,10
2034,10
2233,10
1384,10
1082,10
1505,10
1044,10
1228,10
684,10
5,10
469,10
14068,9
12547,9
13694,9
13504,9
13256,9
11388,9
11352,9
12446,9
11668,9
11731,9
11832,9
12365,9
11848,9
12418,9
9812,9
10848,9
9759,9
9996,9
10856,9
10709,9
9825,9
10394,9
10349,9
10393,9
8614,9
9386,9
8806,9
8368,9
8425,9
9134,9
9170,9
7970,9
7860,9
8069,9
7677,9
7908,9
8211,9
7596,9
7375,9
7160,9
7580,9
7859,9
6486,9
6426,9
7012,9
6655,9
5982,9
6670,9
6869,9
6367,9
6602,9
6304,9
6749,9
6586,9
6518,9
6491,9
4552,9
4819,9
4866,9
5353,9
5156,9
5821,9
5742,9
5068,9
4840,9
5138,9
5625,9
4345,9
4341,9
4162,9
4356,9
3903,9
2990,9
2674,9
2711,9
3004,9
3190,9
2909,9
2550,9
2992,9
2197,9
2426,9
1961,9
2027,9
2077,9
2475,9
1626,9
1656,9
1625,9
1325,9
944,9
1669,9
1317,9
781,9
703,9
25,9
130,9
7,9
718,9
13362,8
13182,8
13006,8
13526,8
13957,8
13511,8
12591,8
13436,8
13635,8
13403,8
12362,8
12391,8
12176,8
12009,8
11763,8
11828,8
11302,8
11732,8
11382,8
10402,8
10666,8
11040,8
9883,8
9800,8
10603,8
10203,8
9885,8
11048,8
9814,8
11093,8
10944,8
9826,8
10951,8
11207,8
10001,8
10356,8
11257,8
8496,8
8741,8
9398,8
9047,8
9463,8
9119,8
8586,8
8913,8
8245,8
9601,8
9458,8
8684,8
9585,8
9231,8
9232,8
8060,8
7331,8
7085,8
7412,8
7516,8
7279,8
7626,8
7836,8
7634,8
7681,8
7407,8
5899,8
6624,8
6490,8
6391,8
6268,8
5828,8
6882,8
5741,8
5262,8
4658,8
4669,8
4475,8
5645,8
5359,8
5560,8
5260,8
5660,8
5378,8
4634,8
4478,8
5120,8
3948,8
4178,8
3754,8
3859,8
3905,8
3533,8
3612,8
4125,8
3840,8
3866,8
3722,8
3963,8
3363,8
2628,8
3496,8
2542,8
3298,8
2724,8
3406,8
2757,8
2691,8
2772,8
3171,8
2993,8
3307,8
3006,8
3371,8
3036,8
3440,8
2551,8
3113,8
2355,8
1839,8
1944,8
2218,8
1768,8
1865,8
1960,8
1841,8
2397,8
2480,8
2183,8
2485,8
2345,8
2271,8
1894,8
1946,8
1750,8
2303,8
877,8
835,8
1155,8
1024,8
1356,8
1107,8
1186,8
1506,8
1031,8
2,8
641,8
99,8
713,8
28,8
614,8
14,8
625,8
216,8
736,8
540,8
14064,7
12663,7
14216,7
12505,7
12535,7
13505,7
12520,7
13110,7
14273,7
12596,7
13502,7
12538,7
13290,7
14462,7
12375,7
11816,7
12314,7
12230,7
11725,7
11752,7
11444,7
12289,7
12195,7
11612,7
12209,7
12126,7
11540,7
11586,7
10978,7
9769,7
10801,7
10209,7
10399,7
9742,7
11004,7
10576,7
11036,7
10924,7
11064,7
10590,7
11158,7
9710,7
10617,7
8434,7
9356,7
9563,7
8910,7
9126,7
9161,7
8588,7
9106,7
8759,7
8649,7
8569,7
9287,7
9212,7
8979,7
8483,7
8174,7
8218,7
7672,7
7330,7
7647,7
7462,7
7173,7
7719,7
7442,7
7760,7
7638,7
7538,7
8130,7
7733,7
7314,7
7745,7
7239,7
7943,7
7704,7
6632,7
6321,7
6727,7
7031,7
5866,7
6847,7
5840,7
6971,7
6757,7
6263,7
6427,7
6603,7
6223,7
6338,7
6574,7
6585,7
5779,7
5639,7
4642,7
4746,7
5663,7
4844,7
5596,7
4884,7
5633,7
4894,7
5659,7
4904,7
5724,7
5495,7
5794,7
5563,7
5816,7
4367,7
4209,7
3519,7
4384,7
4338,7
3723,7
3544,7
3981,7
4153,7
4006,7
4253,7
4036,7
4355,7
4062,7
4372,7
3858,7
4128,7
2965,7
3022,7
2971,7
2779,7
3470,7
2686,7
3313,7
2631,7
2755,7
2641,7
3456,7
3464,7
2646,7
2170,7
2429,7
2408,7
2506,7
2269,7
2025,7
1858,7
1765,7
2007,7
2360,7
2434,7
1928,7
2164,7
2216,7
2398,7
1805,7
879,7
1715,7
1663,7
997,7
1438,7
1061,7
1618,7
1182,7
1048,7
1191,7
1049,7
1213,7
821,7
1231,7
1570,7
1675,7
1127,7
793,7
1665,7
1290,7
1722,7
739,7
507,7
6,7
320,7
100,7
627,7
742,7
453,7
305,7
13,7
548,7
12571,6
13642,6
12995,6
12577,6
13826,6
13337,6
14124,6
13432,6
13495,6
13590,6
11344,6
12178,6
12170,6
11840,6
11814,6
12060,6
11898,6
11671,6
11901,6
11873,6
12411,6
12334,6
11588,6
12106,6
11893,6
11914,6
11906,6
10671,6
10430,6
10962,6
10826,6
10034,6
10071,6
10499,6
10163,6
9729,6
9703,6
10797,6
10670,6
11105,6
11262,6
10490,6
9455,6
8711,6
8479,6
8770,6
8508,6
8630,6
9057,6
8294,6
8308,6
8818,6
9410,6
9148,6
9007,6
9149,6
9573,6
8584,6
9086,6
8893,6
9664,6
9685,6
8530,6
8145,6
7725,6
7426,6
7979,6
7393,6
7981,6
7746,6
7790,6
7361,6
7794,6
7089,6
7397,6
7497,6
7433,6
7204,6
7301,6
8217,6
7234,6
7765,6
8096,6
7593,6
6623,6
6549,6
6340,6
6084,6
6697,6
6593,6
4877,6
4773,6
4458,6
5083,6
5664,6
5113,6
5062,6
5165,6
4791,6
5233,6
4901,6
5364,6
5802,6
5808,6
5601,6
4068,6
3902,6
3558,6
3970,6
4221,6
4083,6
4296,6
4103,6
3913,6
4137,6
4026,6
2773,6
2734,6
2843,6
2819,6
2570,6
2656,6
3315,6
2673,6
2639,6
2859,6
3414,6
3304,6
3214,6
3062,6
3142,6
2737,6
2533,6
3070,6
1846,6
1948,6
2404,6
1832,6
2267,6
2518,6
2191,6
2029,6
1912,6
2175,6
2137,6
2132,6
1817,6
1783,6
2278,6
1111,6
1573,6
1712,6
788,6
1602,6
814,6
1184,6
1015,6
791,6
1727,6
1601,6
1450,6
1183,6
1462,6
982,6
1482,6
1278,6
940,6
1062,6
1513,6
957,6
339,6
692,6
680,6
628,6
612,6
359,6
678,6
393,6
681,6
145,6
756,6
15,6
252,6
49,6
515,6
60,6
747,6
14048,5
13832,5
14261,5
12796,5
13980,5
13559,5
13272,5
12544,5
12504,5
14294,5
13929,5
14339,5
14043,5
13597,5
12733,5
14483,5
12735,5
13735,5
12655,5
13813,5
14423,5
13595,5
12865,5
11584,5
11996,5
12413,5
11688,5
11451,5
11727,5
11656,5
11461,5
11983,5
11462,5
12038,5
11768,5
11574,5
11798,5
11601,5
11520,5
12398,5
11922,5
12453,5
11950,5
12044,5
10019,5
9922,5
10960,5
9811,5
10622,5
10472,5
10401,5
10860,5
10606,5
10902,5
10329,5
10140,5
11114,5
10930,5
11189,5
9688,5
10070,5
10959,5
9976,5
8431,5
8812,5
8406,5
8924,5
8691,5
9163,5
9228,5
9092,5
8447,5
8847,5
9127,5
9423,5
8666,5
9184,5
8556,5
9431,5
8615,5
9187,5
9104,5
9028,5
8628,5
9454,5
8269,5
8502,5
9652,5
9456,5
9666,5
8555,5
9040,5
9046,5
8953,5
7754,5
7901,5
7484,5
7254,5
7344,5
7411,5
7519,5
8074,5
7406,5
7845,5
8127,5
7499,5
8134,5
7365,5
7627,5
7215,5
7782,5
7889,5
8212,5
7597,5
7488,5
7895,5
7584,5
6582,5
5920,5
6297,5
6348,5
6886,5
6393,5
6734,5
6196,5
5977,5
6605,5
6325,5
6091,5
6042,5
6615,5
5888,5
6376,5
6738,5
6157,5
6431,5
6496,5
6389,5
6651,5
6862,5
6070,5
6560,5
6665,5
6901,5
6675,5
6443,5
6683,5
6067,5
6515,5
5856,5
6598,5
4971,5
5690,5
4564,5
5805,5
4915,5
4493,5
5795,5
5526,5
5678,5
4644,5
5716,5
5550,5
5778,5
5553,5
5046,5
4847,5
5567,5
4910,5
4495,5
4620,5
3628,5
4065,5
3952,5
3566,5
3966,5
3900,5
3911,5
3825,5
4359,5
3515,5
3978,5
4086,5
3710,5
3772,5
4344,5
4263,5
4133,5
4274,5
3915,5
4276,5
3795,5
3689,5
3851,5
4313,5
4315,5
3955,5
3384,5
3030,5
2704,5
3225,5
2594,5
3033,5
2611,5
2708,5
2698,5
3269,5
3351,5
2862,5
2813,5
2878,5
3168,5
2941,5
3172,5
2953,5
3013,5
2753,5
3216,5
2560,5
3334,5
3100,5
2185,5
2511,5
2500,5
1958,5
1753,5
1806,5
1776,5
1919,5
2368,5
2324,5
1920,5
2339,5
1969,5
2347,5
1898,5
2353,5
1950,5
2359,5
2363,5
2512,5
999,5
1013,5
1662,5
1162,5
1556,5
815,5
1027,5
1192,5
1447,5
1466,5
1535,5
1057,5
888,5
1419,5
1005,5
1143,5
1719,5
1144,5
1147,5
1169,5
84,5
732,5
754,5
605,5
386,5
211,5
8,5
416,5
724,5
616,5
643,5
425,5
20,5
445,5
571,5
76,5
581,5
589,5
13979,4
12592,4
13487,4
13553,4
13901,4
13591,4
13993,4
13287,4
14326,4
13147,4
14432,4
13078,4
12943,4
12876,4
12684,4
12884,4
13244,4
13704,4
13009,4
13745,4
13085,4
13870,4
11664,4
12323,4
12301,4
11715,4
12385,4
11786,4
12239,4
11819,4
12312,4
11820,4
12358,4
11825,4
11661,4
11861,4
12190,4
11874,4
12285,4
11546,4
12307,4
11724,4
11429,4
11999,4
12332,4
12014,4
11709,4
12016,4
12388,4
12025,4
11757,4
12037,4
12429,4
11575,4
11576,4
10016,4
10861,4
10507,4
10572,4
9741,4
10751,4
9782,4
9982,4
10700,4
9988,4
10334,4
10485,4
10505,4
10610,4
10132,4
11038,4
10678,4
9917,4
9967,4
10465,4
10453,4
10791,4
10869,4
9860,4
10494,4
9278,4
8480,4
8327,4
8705,4
9009,4
8402,4
9383,4
9072,4
8350,4
9084,4
8657,4
9099,4
9248,4
9103,4
9320,4
8748,4
9394,4
9153,4
8907,4
8778,4
8919,4
8576,4
9687,4
9195,4
9635,4
8430,4
8322,4
9034,4
7269,4
7508,4
7961,4
7357,4
7572,4
7639,4
7211,4
7645,4
7987,4
7228,4
8089,4
7673,4
8156,4
7240,4
7869,4
7244,4
7492,4
7401,4
7496,4
7701,4
8024,4
7175,4
7299,4
7735,4
8114,4
7752,4
8150,4
7446,4
7808,4
7595,4
6392,4
6275,4
5930,4
6514,4
6923,4
6483,4
6330,4
5850,4
6506,4
6802,4
6252,4
5984,4
6947,4
6182,4
6293,4
6458,4
5906,4
6358,4
6406,4
6270,4
6536,4
6513,4
4396,4
5746,4
5698,4
4445,4
4886,4
4439,4
4998,4
4509,4
5462,4
4771,4
4473,4
5271,4
5789,4
5277,4
4918,4
4601,4
4799,4
4734,4
5447,4
5641,4
4679,4
5653,4
5763,4
4660,4
4474,4
5339,4
5786,4
5355,4
4888,4
4972,4
5126,4
4469,4
5568,4
5672,4
5405,4
5330,4
3856,4
3615,4
4073,4
3658,4
3563,4
3665,4
3611,4
3677,4
4097,4
3543,4
4140,4
3539,4
3814,4
3581,4
4382,4
3967,4
3766,4
3596,4
3530,4
4003,4
4099,4
3746,4
3779,4
4034,4
4237,4
3748,4
3800,4
4051,4
3826,4
4053,4
4370,4
4059,4
4064,4
2894,4
3443,4
2745,4
2567,4
3227,4
2811,4
2742,4
3112,4
2685,4
3116,4
2605,4
3120,4
3487,4
2729,4
3290,4
3126,4
2962,4
2833,4
3366,4
2838,4
3428,4
2692,4
2997,4
2860,4
2699,4
2581,4
2346,4
1734,4
1843,4
2329,4
2280,4
1826,4
2078,4
2083,4
2473,4
2377,4
2496,4
2388,4
2425,4
2300,4
2268,4
2341,4
2447,4
1831,4
2471,4
2144,4
2204,4
2088,4
2092,4
1877,4
2313,4
1930,4
2417,4
2374,4
1824,4
1474,4
1224,4
1402,4
1491,4
1682,4
1181,4
1629,4
1248,4
1011,4
1249,4
1067,4
1253,4
1234,4
1130,4
916,4
1528,4
1637,4
851,4
1659,4
1000,4
903,4
1185,4
927,4
861,4
1229,4
1190,4
1165,4
1148,4
1472,4
1385,4
1476,4
1400,4
1153,4
1195,4
86,4
751,4
248,4
12,4
391,4
672,4
637,4
674,4
344,4
210,4
760,4
613,4
148,4
485,4
67,4
64,4
242,4
688,4
449,4
387,4
656,4
702,4
595,4
623,4
65,4
78,4
594,4
779,4
471,4
477,4
365,4
13035,3
14445,3
12566,3
13121,3
14323,3
13277,3
13387,3
12500,3
13730,3
13858,3
12613,3
13640,3
12738,3
12761,3
12748,3
12539,3
12724,3
13921,3
13231,3
13354,3
12536,3
12913,3
12576,3
13685,3
13261,3
12548,3
13749,3
12533,3
14351,3
12524,3
13038,3
12848,3
12903,3
12958,3
13900,3
13316,3
13334,3
13343,3
11636,3
11949,3
12084,3
11313,3
12439,3
12215,3
12372,3
12233,3
11695,3
11961,3
12483,3
12272,3
12142,3
11693,3
11436,3
11855,3
11567,3
12004,3
11657,3
11561,3
11659,3
11810,3
12478,3
11501,3
11736,3
12328,3
12445,3
11897,3
11801,3
11679,3
12111,3
12105,3
10570,3
9723,3
9854,3
10243,3
11063,3
9957,3
11146,3
9961,3
11030,3
10293,3
10510,3
10300,3
11079,3
10354,3
11123,3
10836,3
9841,3
9881,3
10041,3
9816,3
11282,3
9887,3
10066,3
10904,3
10525,3
9692,3
9931,3
10435,3
11086,3
10452,3
10091,3
9914,3
11137,3
11275,3
11157,3
10987,3
11223,3
10992,3
11251,3
10993,3
10970,3
9562,3
8334,3
8326,3
8767,3
9466,3
9157,3
9003,3
8570,3
9667,3
8399,3
8301,3
8718,3
9541,3
8792,3
8647,3
8797,3
9056,3
9209,3
8869,3
9217,3
9147,3
8833,3
8276,3
9242,3
8398,3
8719,3
8933,3
9089,3
9546,3
8433,3
8416,3
8599,3
8255,3
9031,3
9024,3
9341,3
8878,3
8131,3
7258,3
7162,3
7271,3
8100,3
7247,3
8160,3
7474,3
8045,3
7111,3
7532,3
7893,3
7182,3
7479,3
7109,3
7138,3
7582,3
7198,3
8040,3
7928,3
7430,3
7937,3
7641,3
7130,3
7303,3
7418,3
8103,3
7969,3
7547,3
7724,3
7223,3
7285,3
7189,3
7178,3
7316,3
7999,3
7587,3
7611,3
8027,3
7476,3
7909,3
6778,3
6957,3
6404,3
6320,3
6572,3
5902,3
5910,3
5865,3
6411,3
6459,3
6425,3
6614,3
6120,3
6023,3
6522,3
6500,3
5986,3
6698,3
6897,3
6027,3
6001,3
6017,3
6005,3
6756,3
6994,3
6516,3
6040,3
6087,3
5974,3
5748,3
4548,3
4540,3
5202,3
4419,3
4792,3
5130,3
5263,3
5646,3
4797,3
5667,3
5343,3
5725,3
4604,3
5127,3
4900,3
5800,3
5372,3
4461,3
5383,3
5650,3
5454,3
5052,3
5456,3
4745,3
4410,3
5676,3
4826,3
4685,3
5539,3
4747,3
4923,3
4708,3
4512,3
5136,3
5570,3
4573,3
4760,3
4975,3
4265,3
3782,3
3702,3
3872,3
4012,3
4061,3
3943,3
3561,3
4054,3
3886,3
4172,3
3641,3
4248,3
3897,3
3940,3
3921,3
3898,3
4070,3
4375,3
3974,3
4146,3
3979,3
4154,3
4081,3
4196,3
3770,3
4242,3
3774,3
4021,3
3732,3
4266,3
3993,3
3508,3
3776,3
3629,3
4118,3
4352,3
3522,3
3954,3
3930,3
4376,3
3616,3
3734,3
3755,3
4082,3
3111,3
3333,3
2640,3
3213,3
3166,3
2725,3
3186,3
2736,3
2774,3
2780,3
3141,3
3058,3
2684,3
3230,3
2846,3
3245,3
3194,3
3018,3
3484,3
3256,3
3324,3
3063,3
2591,3
2662,3
2719,3
2548,3
3376,3
2585,3
3398,3
3289,3
2701,3
3131,3
2529,3
2925,3
2715,3
2587,3
3465,3
2739,3
3477,3
3308,3
2689,3
3140,3
3317,3
3243,3
2225,3
1873,3
2038,3
1773,3
1903,3
2036,3
2327,3
2138,3
2111,3
2296,3
2240,3
1968,3
2488,3
2298,3
1747,3
1887,3
2238,3
2176,3
2458,3
1766,3
2362,3
2301,3
1820,3
2051,3
2522,3
2067,3
2370,3
2306,3
2319,3
1882,3
2322,3
2356,3
2263,3
2358,3
2517,3
2436,3
2239,3
1842,3
2307,3
2206,3
935,3
1576,3
1534,3
1073,3
1600,3
1276,3
797,3
1320,3
840,3
860,3
1588,3
1116,3
1040,3
1414,3
1492,3
1428,3
1524,3
1123,3
1547,3
1125,3
1568,3
1442,3
1579,3
1460,3
1599,3
1060,3
1613,3
937,3
784,3
1725,3
1059,3
901,3
785,3
146,3
17,3
185,3
306,3
241,3
307,3
170,3
330,3
642,3
1,3
231,3
375,3
745,3
89,3
166,3
397,3
622,3
450,3
191,3
482,3
16,3
489,3
665,3
494,3
689,3
129,3
69,3
544,3
4,3
75,3
13207,2
13342,2
14067,2
13433,2
14447,2
12945,2
13977,2
12732,2
14166,2
12575,2
14371,2
13516,2
13831,2
13520,2
12817,2
12964,2
13270,2
13538,2
14095,2
13552,2
12866,2
12974,2
12880,2
13556,2
14408,2
12975,2
13800,2
13567,2
13156,2
12608,2
13906,2
13593,2
12819,2
13599,2
12841,2
13607,2
12844,2
13641,2
12623,2
13661,2
14114,2
13675,2
14229,2
12771,2
12867,2
13089,2
12660,2
13092,2
14366,2
13104,2
14406,2
13752,2
12669,2
13757,2
12673,2
13777,2
13187,2
12263,2
11972,2
11935,2
11505,2
11672,2
11317,2
11721,2
11519,2
11805,2
12017,2
11758,2
11850,2
12488,2
11852,2
11628,2
12039,2
12318,2
11459,2
12338,2
12053,2
11373,2
12057,2
12400,2
11569,2
12428,2
12085,2
12471,2
11719,2
12497,2
11312,2
11290,2
11888,2
11548,2
11327,2
11631,2
11890,2
11933,2
12144,2
11633,2
12145,2
11942,2
11745,2
11953,2
12185,2
11823,2
12186,2
11973,2
11405,2
11975,2
12199,2
11294,2
11453,2
11349,2
12223,2
12450,2
12224,2
12481,2
11298,2
12492,2
11899,2
12499,2
11503,2
12249,2
9933,2
10921,2
11166,2
9898,2
10938,2
9775,2
10734,2
10028,2
10173,2
10031,2
10624,2
10482,2
10713,2
10763,2
10716,2
10641,2
9934,2
10979,2
11174,2
10778,2
10174,2
9776,2
10438,2
10213,2
11263,2
9877,2
10080,2
11014,2
10418,2
10811,2
10138,2
10491,2
11141,2
10813,2
10910,2
10392,2
11162,2
10828,2
9935,2
9927,2
11175,2
9954,2
11197,2
10268,2
11211,2
10850,2
9772,2
9986,2
10741,2
10398,2
10625,2
9781,2
11266,2
11088,2
10306,2
9797,2
10528,2
8292,2
8605,2
9146,2
9411,2
8945,2
9258,2
8867,2
9068,2
9250,2
8299,2
8934,2
9080,2
9586,2
9432,2
8562,2
8250,2
9247,2
9437,2
8429,2
9444,2
9348,2
8627,2
9364,2
8721,2
9565,2
8917,2
8864,2
9110,2
8401,2
9079,2
9611,2
8931,2
8228,2
9035,2
8991,2
8761,2
8267,2
9501,2
9655,2
9515,2
8669,2
9521,2
9523,2
9429,2
9321,2
9327,2
8984,2
8162,2
8122,2
7434,2
7929,2
8140,2
7121,2
7837,2
7231,2
7358,2
7769,2
7207,2
7771,2
8157,2
7284,2
8219,2
7777,2
7924,2
7988,2
8091,2
7990,2
7545,2
7998,2
8125,2
8008,2
7738,2
8010,2
8146,2
7452,2
7260,2
7799,2
7325,2
7618,2
8071,2
7073,2
6559,2
6493,2
6289,2
6332,2
5914,2
6115,2
5939,2
6746,2
6015,2
6031,2
6890,2
6056,2
6437,2
6474,2
5845,2
5956,2
6702,2
6478,2
5928,2
6773,2
6375,2
5878,2
5844,2
6100,2
6106,2
6101,2
6691,2
6786,2
5921,2
6139,2
6950,2
5909,2
6960,2
6834,2
6701,2
6838,2
6716,2
6360,2
7009,2
6535,2
6083,2
6273,2
7024,2
5912,2
5867,2
6676,2
5822,2
5460,2
5687,2
5129,2
5579,2
5703,2
5197,2
5472,2
4774,2
4433,2
4639,2
5691,2
5622,2
5715,2
5624,2
4893,2
4517,2
5336,2
4538,2
4943,2
4607,2
5814,2
5177,2
5070,2
5375,2
4859,2
4759,2
5712,2
5021,2
5094,2
4621,2
5109,2
5661,2
4693,2
4487,2
5331,2
5274,2
5338,2
5397,2
4502,2
5412,2
5189,2
5284,2
4580,2
5312,2
4953,2
4427,2
4750,2
3790,2
3896,2
4262,2
3957,2
3639,2
3904,2
4243,2
3670,2
3565,2
3971,2
3631,2
4084,2
4210,2
3531,2
4235,2
3562,2
4246,2
3908,2
4269,2
3607,2
4324,2
4108,2
3630,2
4112,2
3949,2
3673,2
3569,2
4123,2
4219,2
3777,2
4224,2
3992,2
4013,2
3780,2
4244,2
4135,2
3925,2
3916,2
4027,2
4139,2
4272,2
4000,2
4320,2
4156,2
3552,2
3785,2
3831,2
4168,2
3869,2
3535,2
3854,2
3919,2
4364,2
4192,2
3697,2
3887,2
3789,2
4216,2
2534,2
2576,2
2732,2
3052,2
3090,2
3107,2
3210,2
3323,2
2637,2
2869,2
3445,2
2723,2
3202,2
3156,2
3483,2
2887,2
2620,2
2717,2
2694,2
2676,2
3075,2
2764,2
3444,2
2709,2
3079,2
3167,2
2549,2
2983,2
2761,2
3386,2
3482,2
3037,2
2571,2
3396,2
2822,2
2659,2
2942,2
2984,2
2531,2
2438,2
2320,2
2015,2
2321,2
2270,2
2158,2
2285,2
1838,2
2020,2
2328,2
2090,2
1902,2
2274,2
2180,2
2284,2
1827,2
2127,2
2196,2
2504,2
1924,2
2401,2
2200,2
2413,2
2205,2
2427,2
2365,2
1929,2
2052,2
2093,2
2212,2
2439,2
2053,2
2462,2
2054,2
2292,2
2372,2
2486,2
2390,2
2134,2
2230,2
2136,2
2232,2
1896,2
1975,2
2254,2
1627,2
1578,2
1711,2
1457,2
1430,2
1310,2
824,2
1079,2
958,2
1244,2
856,2
1256,2
846,2
832,2
1210,2
1473,2
1058,2
810,2
1132,2
1098,2
963,2
789,2
1273,2
1361,2
1279,2
908,2
1280,2
1521,2
1076,2
1161,2
1294,2
1105,2
1056,2
1390,2
1676,2
1541,2
1704,2
1391,2
880,2
1397,2
1558,2
939,2
1467,2
1468,2
1504,2
71,2
647,2
39,2
44,2
671,2
87,2
620,2
316,2
200,2
317,2
66,2
398,2
722,2
407,2
761,2
94,2
172,2
429,2
638,2
433,2
206,2
441,2
26,2
447,2
661,2
47,2
228,2
102,2
70,2
473,2
279,2
119,2
171,2
479,2
621,2
321,2
624,2
128,2
188,2
325,2
639,2
493,2
346,2
328,2
645,2
514,2
648,2
18,2
657,2
518,2
212,2
333,2
353,2
336,2
675,2
22,2
80,2
599,2
725,2
601,2
744,2
158,2
263,2
610,2
298,2
338,2
301,2
615,2
175,2
13361,1
12640,1
13286,1
13785,1
12962,1
13475,1
13398,1
12786,1
12531,1
13150,1
14293,1
12612,1
13737,1
13015,1
13363,1
12614,1
12741,1
12915,1
14142,1
13871,1
14232,1
13874,1
14274,1
13881,1
12552,1
12936,1
12601,1
13224,1
14367,1
13904,1
13469,1
12574,1
13132,1
12808,1
13762,1
13923,1
12955,1
13227,1
14126,1
13620,1
13053,1
13940,1
12768,1
13240,1
14246,1
13629,1
12579,1
13027,1
13303,1
12835,1
13409,1
12838,1
12875,1
12751,1
14340,1
14004,1
14362,1
14040,1
12776,1
13540,1
13748,1
12554,1
12777,1
13274,1
12590,1
14061,1
14435,1
12847,1
13001,1
13653,1
14467,1
13497,1
13673,1
14109,1
12229,1
11807,1
12441,1
12030,1
11778,1
11321,1
11544,1
11919,1
11470,1
12034,1
11780,1
12036,1
11473,1
12154,1
12107,1
11932,1
11304,1
11336,1
12028,1
11393,1
12244,1
11940,1
11998,1
12066,1
11808,1
11481,1
12011,1
12340,1
11876,1
12343,1
12414,1
12346,1
12423,1
11941,1
11982,1
12015,1
12234,1
11944,1
11994,1
11821,1
12243,1
12188,1
12456,1
12383,1
12472,1
11894,1
12116,1
11728,1
12117,1
12099,1
11416,1
11963,1
12280,1
12395,1
11609,1
11181,1
10147,1
10261,1
9850,1
10955,1
9835,1
10003,1
9802,1
10397,1
10326,1
10291,1
11065,1
10237,1
11072,1
10796,1
10079,1
10487,1
10905,1
10815,1
10906,1
9863,1
10030,1
10288,1
11096,1
10416,1
11104,1
10110,1
10725,1
9702,1
10918,1
10967,1
11118,1
11202,1
10726,1
11209,1
10601,1
11214,1
11130,1
10630,1
10456,1
11248,1
10737,1
11254,1
9837,1
10654,1
10943,1
11265,1
11154,1
10852,1
10466,1
11283,1
10755,1
10954,1
9440,1
9631,1
8251,1
9314,1
9044,1
8987,1
8470,1
8409,1
8946,1
9477,1
8799,1
8998,1
9438,1
8923,1
9445,1
9006,1
8338,1
8876,1
8905,1
9081,1
8641,1
9360,1
9633,1
8926,1
9109,1
9182,1
8971,1
9019,1
9439,1
9385,1
8912,1
8426,1
9676,1
8410,1
9054,1
9096,1
9301,1
9210,1
7337,1
7297,1
7288,1
7420,1
7278,1
7270,1
8064,1
8099,1
7080,1
7963,1
7755,1
7698,1
7505,1
7305,1
7457,1
7875,1
7578,1
7978,1
7246,1
7546,1
7450,1
8032,1
8161,1
7473,1
7120,1
7202,1
7447,1
7454,1
7210,1
7571,1
8022,1
7427,1
7399,1
7915,1
6681,1
6735,1
6142,1
6492,1
6127,1
6399,1
6467,1
6587,1
6717,1
6313,1
6660,1
6243,1
6043,1
5979,1
6294,1
6167,1
6555,1
6510,1
6711,1
6109,1
6151,1
6111,1
6581,1
6179,1
5841,1
6815,1
6366,1
6826,1
6547,1
5882,1
6682,1
5874,1
6956,1
6436,1
6295,1
6628,1
6296,1
6845,1
6479,1
6629,1
6562,1
6858,1
6302,1
6345,1
6311,1
6634,1
7032,1
6347,1
6394,1
5895,1
6441,1
5283,1
4818,1
4585,1
5373,1
5759,1
5552,1
5002,1
4756,1
4920,1
5555,1
4861,1
4625,1
5124,1
5670,1
5635,1
4444,1
4870,1
4416,1
4806,1
5175,1
4464,1
5685,1
4889,1
5381,1
5630,1
5254,1
4864,1
4897,1
5346,1
5693,1
4705,1
4721,1
4761,1
4841,1
4442,1
4500,1
4720,1
5342,1
5140,1
5609,1
4402,1
5101,1
5244,1
5423,1
5428,1
4630,1
4060,1
3847,1
4387,1
3771,1
4360,1
3617,1
3865,1
4075,1
3672,1
3890,1
3633,1
3583,1
3534,1
4029,1
4374,1
3711,1
4383,1
3788,1
3756,1
3894,1
3500,1
3942,1
4071,1
3807,1
4231,1
4186,1
4002,1
4046,1
3636,1
4126,1
4017,1
3648,1
3678,1
4095,1
3877,1
3864,1
4004,1
4342,1
3655,1
3570,1
3183,1
3330,1
3200,1
3331,1
3280,1
2777,1
2720,1
2544,1
3010,1
3336,1
3436,1
3349,1
2895,1
3221,1
3466,1
3358,1
3478,1
2562,1
2858,1
2821,1
3495,1
2752,1
2893,1
2870,1
3279,1
2634,1
2706,1
2654,1
2574,1
3385,1
2597,1
2831,1
2912,1
2972,1
2854,1
3049,1
3479,1
3397,1
3201,1
2974,1
3007,1
2565,1
3012,1
2561,1
3118,1
3270,1
3419,1
2122,1
2316,1
1801,1
1994,1
1849,1
2081,1
2489,1
1965,1
2509,1
2082,1
2523,1
1737,1
2118,1
1996,1
2173,1
2085,1
2304,1
1998,1
2201,1
2344,1
1985,1
2367,1
2139,1
2146,1
2472,1
1790,1
1819,1
2028,1
2119,1
2041,1
2227,1
2354,1
2228,1
2217,1
2323,1
2105,1
2135,1
2107,1
2505,1
2375,1
2507,1
1763,1
2510,1
2380,1
2399,1
2466,1
2317,1
2467,1
1855,1
2468,1
2047,1
2287,1
1217,1
839,1
1697,1
1550,1
1657,1
1138,1
1371,1
812,1
1454,1
1561,1
943,1
1423,1
952,1
1020,1
1667,1
920,1
1158,1
1425,1
1703,1
874,1
909,1
1069,1
850,1
1145,1
933,1
889,1
1001,1
1312,1
1507,1
845,1
1218,1
922,1
1668,1
1603,1
1223,1
1149,1
1373,1
1436,1
1702,1
1499,1
1407,1
924,1
1527,1
1313,1
1455,1
925,1
1721,1
848,1
1410,1
1638,1
1309,1
1640,1
77,1
167,1
238,1
626,1
45,1
340,1
309,1
103,1
313,1
630,1
377,1
189,1
73,1
529,1
299,1
135,1
696,1
34,1
710,1
308,1
337,1
546,1
247,1
140,1
483,1
348,1
424,1
144,1
31,1
580,1
767,1
108,1
302,1
650,1
237,1
588,1
701,1
432,1
239,1
658,1
240,1
50,1
29,1
58,1
243,1
408,1
244,1
351,1
734,1
783,1
737,1
668,1
257,1
478,1
382,1
217,1
400,1
219,1
272,1
440,1
286,1
227,1
329,1
481,1
772,1
93,1
390,1
233,1
455,1
236,1
597,1
(空白),
总计,18657
